cal_year,att_mean,att_se,n_gt
2019,0.020777598806469417,0.0018115820886833213,3
2020,-0.010754417448346296,0.008054834716690246,7
2021,-0.01412296970427204,0.004064792595033551,11
2022,-0.013738513829413535,0.0033174309186729026,15
2023,-0.012788741433813314,0.003341056595527656,19
2024,-0.013820916681021372,0.0032353343048414367,23
2025,-0.028995801532016714,0.006280344215783692,6
