cal_year,att_mean,att_se,n_gt
2019,0.021636090786184115,0.0015420516564802786,4
2020,-0.018650445590887077,0.006232697163894013,8
2021,-0.012252056615562057,0.0028133014917857743,12
2022,-0.013109894384668752,0.003181473495419264,16
2023,-0.01482847822490858,0.003271606700981329,20
2024,-0.016383696849303315,0.003574907063571349,24
