pre_quarters,n_obs,att,se,t_stat,p_val
2,854,0.03778976842354378,0.018938551025926058,1.995388579190204,0.05146371026098806
3,871,0.021399076765207175,0.01645930699156844,1.3001201554943485,0.19952127090999472
4,888,0.005379447980556172,0.014956968713996165,0.3596616455794474,0.7206148394949832
6,920,-0.008433370342600326,0.012698465070340757,-0.6641251754353977,0.5096613361135249
8,952,-0.015619809764231921,0.010261252666838451,-1.5222127620646995,0.13425564792813294
