{
  "twfe_binary": {
    "coef": -0.016158320421260586,
    "se": 0.006021544816171374,
    "pval": 0.0072873891668021286,
    "n": 376
  },
  "twfe_logmw": {
    "coef": -0.06771271006988885,
    "se": 0.03743842015160456,
    "pval": 0.07050659349521161,
    "n": 376
  },
  "twfe_no_big": {
    "coef": -0.06088115968621978,
    "se": 0.03852758114828099,
    "pval": 0.11406180888517495,
    "n": 344
  },
  "twfe_no2020": {
    "coef": -0.08333576248536123,
    "se": 0.040017507554041744,
    "pval": 0.0372984121764859,
    "n": 329
  },
  "event_study": {
    "-3": {
      "coef": 0.03399166416033911,
      "se": 0.006028413566861642
    },
    "-2": {
      "coef": 0.026834989407589604,
      "se": 0.005525717627492109
    },
    "-1": {
      "coef": 0.0,
      "se": 0.0
    },
    "0": {
      "coef": -0.03152308298284495,
      "se": 0.00902444735219617
    },
    "1": {
      "coef": -0.010282345361702305,
      "se": 0.009723223625304088
    },
    "2": {
      "coef": 0.0010817891328263052,
      "se": 0.011826380117475006
    },
    "3": {
      "coef": 0.0009606109770765592,
      "se": 0.01218962012207243
    }
  }
}